"DESCRIPTION","DURATION IN MS","NAME","PARENT SUITE","START TIME","STATUS","STOP TIME","SUB SUITE","SUITE","TEST CLASS","TEST METHOD"
"","245","TC03: verify all key UI elements are visible on the home screen","Nirvana Underwriter Portal - Fleet Module","2026-10-06","passed","2026-10-06","","","",""
"","10142","TC09: verify Projected Information Content","Nirvana Underwriter Portal - Fleet Module","2026-10-06","failed","2026-10-06","","","",""
"","10144","TC18: verify Operational Distribution edit details","Nirvana Underwriter Portal - Fleet Module","2026-10-06","failed","2026-10-06","","","",""
"","39","TC02: verify 'Ready for Review' tab is selected by default on home screen","Nirvana Underwriter Portal - Fleet Module","2026-10-06","passed","2026-10-06","","","",""
"","348","TC04: verify Logout button is displayed when clicking profile section","Nirvana Underwriter Portal - Fleet Module","2026-10-06","passed","2026-10-06","","","",""
"","5834","TC01: verify Fleet Applications heading is visible","Nirvana Underwriter Portal - Fleet Module","2026-10-06","passed","2026-10-06","","","",""
"","12130","TC07: verify Application Overview tabs and Operations screen widgets","Nirvana Underwriter Portal - Fleet Module","2026-10-06","failed","2026-10-06","","","",""
"","10121","TC17: verify End Zone dropdown options","Nirvana Underwriter Portal - Fleet Module","2026-10-06","failed","2026-10-06","","","",""
"","14946","TC06: search application by number, open it, and verify application number and company name","Nirvana Underwriter Portal - Fleet Module","2026-10-06","broken","2026-10-06","","","",""
"","10142","TC22: verify Commodity Category dropdown options","Nirvana Underwriter Portal - Fleet Module","2026-10-06","failed","2026-10-06","","","",""
"","10143","TC11: verify Operational Distribution, Customers/Shippers, and Start & End Zones sections","Nirvana Underwriter Portal - Fleet Module","2026-10-06","failed","2026-10-06","","","",""
"","10115","TC15: verify Update closes Start & End Zones editor","Nirvana Underwriter Portal - Fleet Module","2026-10-06","failed","2026-10-06","","","",""
"","10120","TC13: verify Start & End Zones edit controls","Nirvana Underwriter Portal - Fleet Module","2026-10-06","failed","2026-10-06","","","",""
"","1330","TC05: verify navigation across all application status tabs","Nirvana Underwriter Portal - Fleet Module","2026-10-06","passed","2026-10-06","","","",""
"","10174","TC16: verify Add Row adds a predefined Start & End Zones row","Nirvana Underwriter Portal - Fleet Module","2026-10-06","failed","2026-10-06","","","",""
"","10168","TC10: verify Projected Information Content with i icon","Nirvana Underwriter Portal - Fleet Module","2026-10-06","failed","2026-10-06","","","",""
"","10112","TC20: verify Update applies Operational Distribution percentages to the graph","Nirvana Underwriter Portal - Fleet Module","2026-10-06","failed","2026-10-06","","","",""
"","10140","TC12: verify Operational Distribution chart percentages","Nirvana Underwriter Portal - Fleet Module","2026-10-06","failed","2026-10-06","","","",""
"","10142","TC21: verify Commodities editor columns and maximum of 10 commodity rows","Nirvana Underwriter Portal - Fleet Module","2026-10-06","failed","2026-10-06","","","",""
"","10122","TC08: verify Years in Buiness Content","Nirvana Underwriter Portal - Fleet Module","2026-10-06","failed","2026-10-06","","","",""
"","10147","TC14: verify Cancel closes editor without saving changes","Nirvana Underwriter Portal - Fleet Module","2026-10-06","failed","2026-10-06","","","",""
"","10133","TC19: verify Cancel discards Operational Distribution percentage changes","Nirvana Underwriter Portal - Fleet Module","2026-10-06","failed","2026-10-06","","","",""
